LastName,FirstName
Akinola, Timothy Olaoluwa
Alebiosu, Ryan
Alves Soares, Cedric Ricardo
Aubameyang, Pierre-Emerick
Awe, Zachariah Olumide 
Azeez, Miguel
Ballard, Daniel George
Balogun, Folarin Jerry
Bellerin, Hector
Bola, Tolaji
Borges Da Silva, Willian
Chambers, Calum
Cirjan, Catalin-Ionut
Clarke, Harrison Thomas
Cottrell, Ben
Coyle, Trae
Dinzeyi, Jonathan
Dos Santos Magalhaes, Gabriel
Elneny, Mohamed Naser Elsayed
Flores, Marcelo
Giraud-Hutchinson, Omari Elijah
Graczyk, Hubert
Guendouzi, Matteo
Hein, Karl Jakob
Hillson, James Andrew
Holding, Robert Samuel
Ideho, Joel
Igaba-Ishimwe, George Lewis
Iliev, Deyan
John-Jules, Tyreece Romayo
Kirk, Alexander Michael
Kolasinac, Sead
Lacazette, Alexandre
Leno, Bernd
Lopez Salguero, Joel 
Maitland-Niles, Ainsley
Mari Villar, Pablo
Mavropanos, Konstantinos
McEneff, Jordan John
McGuinness, Mark James
Medley, Zechariah Joshua Henry
Moller, Nikolaj Duus
Monlouis, Zane
Nelson, Reiss
Nketiah, Edward Keddar
Norton-Cuffy, Brooke Dion Nelson
Okonkwo, Arthur 
Olayinka, Olujimi James Ayodele
Osei-Tutu, Jordi
Oulad M'Hand, Zine-Eddine
Partey, Thomas Teye
Patino, Charlie Michael
Pepe, Nicolas
Rekik, Omar
Runarsson, Runar Alex
Saka, Bukayo
Saliba, William
Sheaf, Ben
Smith, Matthew Gerrard
Smith, Tom
Smith Rowe, Emile
Swanson, Zak
Teodoro Martinelli Silva, Gabriel
Tierney, Kieran
Torreira, Lucas
Willock, Joseph George
Xhaka, Granit
Adamo Gaspar, Luigi    
Butler-Oyedeji, Nathan Jerome Chatoyer
Edwards, Khayon
Ejeheri, Ovie Prince    
Foran, Taylor    
Gomes Bandeira, Mauro    
Henry-Francis, Jack
Jeffcott, Henry
Lannin-Sweet, James
Mitchell, Remy
Ogungbo, Mazeed
Oyegoke, Daniel Oladele Akinbiyi
Plange, Luke Elliot 
Sagoe Jr, Charles Kwame
Sraha, Jason Robert Osei
Taylor-Hart, Kido
Vigar, Billy Joseph 

Abldeen-Goodridge, Tristan Kareem
Appiah, Paul Nana Akwashi
Archer, Cameron Desmond
Barry, Louie Mark
Bogarde, Lamare Trenton Chansey
Bridge, Mungo Olayipo Oladapo 
Campton-Sturridge, Dj 
Cash, Matthew
Chrisene, Benjamin Joshua
Chukwuemeka, Carney Chibueze
Davis, Keinan Vincent Joseph
El Ghazi, Anwar
Engels, Bjorn Lionel G.
Grealish, Jack
Guilbert, Frederic
Hassan, Mahmoud Ahmed Ibrahim
Hause, Kortney Paul Duncan
Hayden, Kaine Kesler
Hourihane, Conor
Kalinic, Lovre
Konsa, Ezri Ngoyo
Martinez Romero, Damian Emiliano
McGinn, John
Mings, Tyrone Deon
Moraes Ferreira Da Silva, Wesley
Nakamba, Marvelous
Onodi, Akos Sander 
Philogene-Bidace, Jaden
Ramsey, Aaron James
Ramsey, Jacob
Revan, Dominic
Revan, Sebastian Emmanuel
Samatta, Mbwana Ally
Shakpoke, Ruben Okemute
Sinisalo, Viljami Kari Veikko
Soares De Paulo, Douglas Luiz
Sohna, Myles Baboucarr 
Steer, Jed John
Targett, Matthew Robert
Traore, Bertrand Isidore
Vassilev, Indiana Denchev
Watkins, Oliver George Arthur
Wright, Tyreik Samuel 
Afoka, Chisom Kenneth 
Ealing, Frankie 
Hart, Taylor-Jay Phillip 
Lane, Joshua Thomas
Lindley, Hayden Taylor
Marschall, Filip
McBride, Caolan James 
O'Reilly, Aaron Christopher 
O'Reilly, Tommi Dylan
Raikhy, Arjan Singh
Reddin, Kahrel Azariah 
Rowe, Edward James
Sewell, Dewain Leon
Swinkels, Sil Laurentius 
Sylla Diallo, Mamadou
Young, Bradley Jamie Ethan
Zito, Patrick Tchuako
Zych, Oliwier
Alzate, Steven 
Andone, Florin 
Arce Mina, Billy Vladimir 
Baluta, Tudor-Cristian
Bissouma, Yves
Burn, Daniel Johnson
Byrne Furlong, Walter James
Caicedo Corozo, Moises Isaac 
Clarke, Matthew Edward Barkell 
Cochrane, Alexander William
Collyer, Tobias Christopher
Connolly, Aaron Anthony
Dendoncker, Lars
Desbois, Adam Jack 
Duffy, Shane Patrick Michael 
Dunk, Lewis Carl
Eneme Ella, Ulrick Brad 
Fernandes Da Silva Junior, Bernardo 
Gross, Pascal
Gyokeres, Viktor Einar 
Ifill, Marcus Lemar
Jahan Bakhsh Jirandeh, Alireza 
Jenks, Teddy Christopher Graham 
Karbownik, Michal
Khadra, Reda
Lallana, Adam David
Lamptey, Tariq Kwame Nii-Lante
Leonard, Marc Henry 
Locadia, Jurgen Leonardo 
Longman, Ryan James
Lynch Sanchez, Robert
Mac Allister, Alexis
March, Soloman Benjamin 
Maupay, Neal
McGill, Thomas Peter Wayne 
Miller, Todd Owen
Mlakar, Jan 
Moder, Jakub Piotr 
Molumby, Jayson Patrick 
Nilsson, Casper Hugo
Offiah, Odeluga Joshua
Ostigard, Leo Skiri
Packham, Samuel James
Peupion, Cameron
Propper, David Petrus Wenceslaus 
Richards, Taylor Jerome
Roberts, Haydon
Rushworth, Carl Andrew
Ryan, Mathew David
Spong, Jack 
Steele, Jason Sean 
Talley, Flynn Michael Cordell 
Tanimowo, Ayobami Babatunde
Tau, Percy Muzi
Tolaj, Lorent 
Trossard, Leandro 
Tsoungui, Antef
Van Hecke, Jan Paul 
Veltman, Joel Ivo
Walton, Christian Timothy
Webster, Adam Harry
Weir, Jensen Guy
Welbeck, Daniel 
White, Benjamin William 
Wilson, Benjamin John 
Yapi, Romaric
Zeqiri, Andi
Bull, Toby Graham
Chouchane, Samy Olivier  
Dackers, Marcus Matthias
Emmerson, Zak Ben
Everitt, Matthew
Jackson, Benjamin Harvey
Jenkins, Nathan Euan
Kavanagh, Leigh Robert 
Leahy, Jack
Lucero, John Albert Luis 
Moran, Andrew 
Qureshi, Jaami Muhammad 
Sturge, Zak Norton
Turns, Edward James
Bardsley, Phillip Anthony
Barnes, Ashley Luke 
Benson, Josh
Brownhill, Joshua
Cooney, Ryan Thomas 
Cork, Jack Frank Porteous
Costelloe, Dara James Morgan 
Dunne, James 
Gibson, Benjamin James 
Glennon, Anthony
Gomez Mancini, Anthony Jesus 
Gudmundsson, Johann Berg
Harker, Robert William
Jensen, Lukas Bornhoft
Long, Kevin Finbarr
Lowton, Matthew John
McNeil, Dwight James Matthew 
Mee, Benjamin Thomas
Mumbongo, Joel Ngebany
Nartey, Richard Nicos Tettey 
Norris, William James
Peacock-Farrell, Bailey
Phillips, Adam Lee
Pieters, Erik
Pope, Nicholas David
Richardson, Lewis
Richter, Marc Paul Victor
Rodriguez, Jay Enrique
Stephens, Dale Christopher
Tarkowski, James Alan
Taylor, Charles James
Thomas, Bobby Craig
Vydra, Matej
Westwood, Ashley Roy
Wood, Chris
Allen, Harry George
Armstrong, Finlay Patric
Behan, Ruairi
Brennan, Corey Carl
Carson, Matthew Alan
Connolly, Joel Alexander George
Coppack, Jacson David
Couch, William Antony
Dodgson, Owen Joel
Eastmond, Tremaine Leroy Winston
Etaluku, Sean Kesena Temitope 
Gallagher-Allison, Calen
Hamilton, Jacob Luke
Hugill, William James
Leckie, Jack James
McCullough, Dane Neil
McGlynn, Joseph Peter
Mellon, Michael Jordan Donald
Moonan, Dylan 
Rain, Matthew
Ratchford, Kade 
Rooney, Jake Richard
Sassi, Daniel
Smyth-Ferguson, Joseph Ian 
Thomas, Lewis Luka
Thompson, Max
Tucker, Ne'Jai
Unwin, Samual Connor
Waller, Sam William John 
Walters, Steven Tomos George 
Ward, Benn David
Williams, Keelan Ellis
Woods, Benjamin Jack
Abraham, Tammy
Abu, Derrick
Adegoke, Prince
Alonso Mendoza, Marcos
Ampadu, Ethan
Andersson, Edwin Samuel
Anjorin, Faustino Adebola Rasheed
Arrizabalaga Revuelta, Kepa
Azpilicueta Tanco, Cesar
Baba, Abdul Rahman
Badley-Morgan, Luke Bailey
Bakayoko, Tiemoue
Baker, Lewis Renard
Ballo, Thierno Mamadou
Barkley, Ross
Bate, Lewis Michael
Batshuayi, Michy
Baxter, Nathan
Bergstrom, Lucas Carl Edvard
Broja, Armando
Brooking, Joshua Royston
Chalobah, Trevoh Tom
Chilwell, Benjamin James
Christensen, Andreas Bodtker
Clarke-Salter, Jake-Liam
Cumming, James Andrew
Drinkwater, Daniel Noel
Ekwah Elimby, Pierre Emmanuel 
Elliott, Benjamin Njongoue 
Emiliano Da Silva, Thiago
Familia-Castillo, Juan Carlos 
Fiabema, Bryan Benjamin 
Gallagher, Conor
Gilchrist, Alfie
Gilmour, Billy Clifford
Giroud, Olivier
Guehi, Addji Keaninkin Marc-Israel 
Haigh, Joe Samuel
Harris, Myles Spencer
Havertz, Kai Lukas
Hudson-Odoi, Callum James 
Humphreys, Bashir
James, Reece
Jorge Luiz, Frello Filho 
Kante, Ngolo
Kovacic, Mateo
Kpakpe, Alex Colin 
Lawrence, Henry 
Lewis, Marcel 
Livramento, Valentino Francisco
Loftus Cheek, Ruben
Maatsen, Ian
Mbuyamba, Xavier Tshimanga Kamaluba  
McClelland, Sam
McCormick, Luke Philip
McEachran, George James
Mendy, Edouard Osoque
Miazga, Matthew
Moses, Victor
Mothersille, Malik Maine
Mount, Mason
Musonda, Charles
Nunes Nascimento, Robert Kenedy 
Nunn, George Johannes
Palmieri Dos Santos, Emerson 
Pulisic, Christian Mate
Rankine, Dion Joseph
Rudiger, Antonio
Russell, Jonathan
Samuels Colwill, Levi Lemar
Sarr, Malang Mamadou William 
Sharman-Lowe, Teddy Samuel 
Simeu, Dynel Brown Kembo 
Simons, Xavier Levi
Soonsup-Bell, Jude Jacob
Sterling, Dujon Henriques
Tauriainen, Jimi Weikko
Tomori, Fikayo
Ugbo, Ike
Uwakwe, Tariq
Vale, Harvey James
Wady, Ethan James
Wareham, Jayden Darren George
Webster, Charles Clive
Werner, Timo
Wiggett, Charlie John
Zappacosta, Davide
Ziger, Karlo
Ziyech, Hakim
Zouma, Kurt Happy
Heino, Aleksi Peter 
Thomas, Silko Amari Otieno 
Tlemcani, Sami
Tobin, Joshua Louis
Adaramola, Omotayo Daniel
Akrobor-Boateng, David Lionel 
Ayew, Jordan Pierre
Baghuelou-Rich, Jay Noah 
Banks, Scott Brian
Benteke, Christian
Boateng, Malachi
Butland, Jack
Dreher, Luke Garry 
Eze, Eberechi Oluchi
Ferguson, Nathan Kirk-Patrick
Giddings, Jake Patrick Moy
Gordon, John-Kymani Linton Michael
Guaita, Vicente
Hannam, Reece Phillip Peter
Imray, Daniel Edward Peter
Jach, Jaroslaw Przemyslaw
Kelly, Martin Ronald
Keutcha, Pierrick Brandon
Kirby, Nya Jerome
Kouyate, Cheikhou
McArthur, James
Milivojevic, Luka
Mitchell, Tyrick
Mooney, Fionn Lee Douglas
Omilabu, David Oluwatimileyin 
Rak-Sakyi, Jesurun
Raymond, Jadan 
Riedewald, Jairo Jocquim
Robertson, Sean Dominic 
Schlupp, Jeffrey
Spence, Sion 
Street, Robert Nicholas
Taylor, James Edward 
Tomkins, James Oliver Charles
Webber, Oliver Henry
Zaha, Dazet Wilfried Armel
Akinwale, Victor Tolulope Oluwatosin
Bartley, Ryan Christopher  
Bello, Lion
Cadogan, Maliq Anthony
Goodman, Owen Olamidayo
Henderson, Kyran Kayode Gavin Tidoye
Jessup, Cameron Lewis
Jobson, Kanye Claudio
Lewis, Cameron Jorrell Garrington
Ling, Joseph Edward
Ola-Adebomi, Ademola Oladipupo 
Quick, Daniel James
Sheridan, Joe
Siddik, Cardo
Smith, Rowan Darren
Steele, Aidan Daniel
Thiselton , Dylan
Vigor, Matthew
Watson, Noah Christopher
Wells Morrison, Jack Campbell
Whitworth, Joseph Charles
Wright, Ellison Paul
Anderson, Joseph William 
Anicio Caldeira Duarte, Bernard
Astley, Ryan 
Baningime, Beni
Barrett, Jack Joseph
Branthwaite, Jarrad Paul
Broadhead, Nathan Paul 
Butterfield, Luke Joseph
Calvert-Lewin, Dominic
Cannon, Thomas Christopher
Coleman, Seamus
Davies, Thomas
De Andrade, Richarlison
Delph, Fabian
Digne, Lucas
Dobbin, Lewis Norman
Doucoure, Abdoulaye
Garcia Ferreira, Rafael Isidro
Gbamin, Jean-Philippe
Gibson, Lewis Jack
Godfrey, Benjamin Matthew
Gordon, Anthony Michael
Hagan, Harry Paul
Holgate, Mason Anthony
Hughes, Rhys Alex
Hunt, MacKenzie James
Iversen, Einar Hjellestad
Iwobi, Alex
Jagne, Seedy Muhammed Ali
John, Kyle Alex
Kean, Bioty Moise
Keane, Michael Vincent
Kenny, Jonjoe
Kouyate, Mohamed Katia
Kristensen, Sebastian
Leban, Zan Luk
Markelo, Nathangelo Alexandro
Marques Loureiro, Allan
McAllister, Sean Paul
Mina Gonzalez, Yerry Fernando
Neves Virginia, Joao Manuel
Nkounkou, Niels Patrick
Onyango, Tyler Jaden Napier Edward
Pickford, Jordan Lee
Price, Isaac Jude
Quirk, Sebastian Anthony
Rodriguez Rubio, James David
Sigurdsson, Gylfi Thor
Simms, Ellis Reco
Tavares Gomes, Andre Filipe
Tosun, Cenk
Tyrer, Harry Alfred
Warrington, Lewis Wesley
Welch, Reece Belfield
Whitaker, Charlie Jay
Campbell, Elijah Xavier
Davidson, Joel
Higgins, Liam Thomas
Lowey, Daniel Harry
Mallon, Mathew John
McIntyre, Jack Cameron
Mills, Stanley
Small, Thierry
Stewart, Jak Oliver
Thompson, Dylan Isaac
Ablade, Terry
Adarabioyo, Abdul-Nasir Oluwatosin
Ameyaw, Eric
Ashby-Hammond, Luca
Ashby-Hammond, Taye 
Bakumo-Abraham, Jason Timiebi 
Borto, Alexander Paul
Bowie, Kieron Tom
Bryan, Joseph Edward
Cairney, Thomas
Carvalho, Fabio
Christie, Cyrus Sylvester Frederick
Davis, Benjamin James
Fossey, Marlon Joseph
Francois, Tyrese Jay
Hector, Michael Anthony James
Hilton, Sonny
Jasper, Sylvester
Johansen, Stefan Marius
Kamara, Aboubakar
Kebano, Neeskens
Knockaert, Anthony Patrick
Kongolo, Terence 
Larkeche, Ziyad
Las, Damian Jan
Le Marchand, Maxime
Mawson, Alfie Robert John
McAvoy, Connor 
Mitrovic, Aleksandar
Neves Abreu Cavaleiro, Ivan Ricardo
O'Neill, Oliver John
Odoi, Denis Frimpong
Onomah, Joshua 
Opoku, Jerome
Page, Jonathon Charles
Pajaziti, Adrion
Ramirez, Fabricio Agosto
Ream, Timothy Michael
Reed, Harrison James
Reid Bobby, Armani
Robinson, Antonee
Rodak, Marek
Seri, Jean Michael
Sessegnon, Zeze Steven
Stansfield, Jay
Tete, Kenny Joelle
Tiehi, Jean-Pierre Alberic 
Wickens, George Alexander
Williams, Jay Terry
Zambo Anguissa, Andre-Frank
Antonsson, Thorsteinn Aron
Benjamin, Xavier Deandrae
Biereth, Mika Miles
Bowat, Ibane
Caton, Tyler Lewis
D'Auria-Henry, Luciano Paul
Dibley-Dias, Matthew Max
Lanquedoc, Imani Jamal
Odutayo, Idris Adewale Olarewaju
Okkas, Georgios
Olakigbe, Michael Oluwakorede
Parkes, Stefan Charles Earl
Sanderson, Oliver
Tanton Pedraza, Devan Austin
Wildbore, Jaylan Sebastian
Alioski, Ezgjan 
Allen, Charlie Steven
Ayling, Luke David
Bamford, Patrick James
Bogusz, Mateusz Piotr
Caprile, Elia
Casey, Oliver Joseph
Casilla Cortes, Francisco
Cooper, Liam David Ian
Cresswell, Charlie Richard
Dallas, Stuart
Davis, Leif
De Bock, Laurens Henri
Dean, Max Jimmy
Dias Belloli, Raphael
Drameh, Cody Callum Pierre
Edmondson, Ryan David
Forshaw, Adam John
Galloway, Josh
Gelhardt, Joseph Paul
Gotts, Robbie
Greenwood, Sam
Hernandez Dominguez, Pablo
Hosannah, Bryce Joseph
Huggins, Niall Joseph
Jenkins, Jack
Kamwa, Bobby-Emmanuel
Kenneh, Nohan
Klich, Mateusz Andrzej
Koch, Robin
Llorente Rios, Diego Javier
McCalmont, Alfie John
McCarron, Liam James
McKinstry, Stuart Adamson
Meslier, Illan Stephane
Mihaylov, Dzhoshkun Temenuzhkov
Moreno Machado, Rodrigo
Mujica Garcia, Rafael Sebastian
Phillips, Kalvin Mark
Poveda-Ocampo, Ian Carlo
Roberts, Tyler
Shackleton, Jamie Stuart
Sousa De Azevedo E Costa, Helder Wander
Spencer, Morten Lunde
Stevens, Jordan Harry
Struijk, Pascal Augustus
Summerville, Crysencio Jilbert Sylverio 
Van Den Heuvel, Tristan Danique
Amissah, Emmanuel Agyekum
Bradbury, Lui Oliver
Bray, Owen Anthony (Excess period)
Brook, William Michael
Carole, Keenan Nino
Chikukwa, Jimiel Takunda
Chilokoa Mullen, Jeremiah Chukwuedo
Christy, Harry Thomas
Fewster, William Charles Storm
Hughes, Alfie Thomas
Kachosa, Ethan Takudzwa
Leverett, Samuel George
Littlewood, Joe Wilson
Moore, Kristan Richard
Picksley, Mitchell James
Pilkington, Aaron Jon
Ragan, Taylor Peter
Rigby, Maximus Marlon William
Skerry, Cooper Mark
Snowdon, Joseph Leonard
Sutcliffe, Harvey Frederick
Albrighton, Marc Kevin
Amartey, Daniel
Barnes, Harvey Lewis
Benkovic, Filip
Castagne, Timothy
Chibueze, Kelechi
Choudhury, Hamza
Clark, Mitchell Reece
Daley-Campbell, Vontae Jason
Dewsbury-Hall, Kiernan
Evans, Jonathan Grant
Ewing, Oliver James
Flynn, Shane Aidan Conor
Fofana, Wesley
Ghezzal, Rachid
Hirst, George David Eric
Hughes, Samuel Joseph 
Hulme, Callum Jake
Iheanacho, Kelechi
Iversen, Daniel Lonne
Jakupovic, Eldin
Justin, James Michael
Knight, Joshua Michael
Leshabela, Thakgalo Khanya
Maddison, James Daniel
McAteer, Kasey
Mendy, Nampalys
Muskwe, Admiral Dalindlela
Ndidi, Onyinye Wilfred
Odunze, Chituru Ethan
Okpoda Eppiah, Joshua Felix
Pennant, Terell Amari Leroy
Pereira, Ricardo
Perez Gutierrez, Ayoze
Praet, Dennis
Reghba, Ali
Schmeichel, Kasper Peter
Shade, Tyrese
Sowah, Kamal
Soyuncu, Caglar
Stolarczyk, Jakub
Suengchitthawon, Thanawat
Tavares, Sidnei Wilson Vieira David 
Thomas, Luke Jonathan
Tielemans, Youri Marion A
Vardy, Jamie
Wakeling, Jacob
Ward, Daniel
Wright, Callum
Aisthorpe, Bailey Trafford
Booth, Chadwick Zachary
Braybrooke, Samuel Charles
Butterfill, Jack James Harry
Cover, Brandon Ashley
Dawkins, Kartell Sabie
Doherty, Arlo Ricky Hugh
Fitzhugh, Ethan Michael
Gyamfi, Johnson Adu
Godsmark-Ford, Harvey George
Kutshienza, Jesper
Leathers, Adam James
Marcal-Madivadua, Wanya
Maswanhise, Tawanda Jethro
Nelson, Benjamin Harvey
Obi, Daniel Iheukwu
Pennant, Kian Darnell Leroy
Read, Cody Lewis
Russ, Brian William James
Wormleighton, Joseph Oliver
Yfeko, Johnly Levi
Alcantara Do Nascimento, Thiago 
Alexander-Arnold, Trent 
Awoniyi, Taiwo 
Balagizi, James 
Barbosa De Oliveira, Roberto Firmino 
Bearne, Jack William Garrad 
Beck, Owen Michael 
Becker, Alisson Ramses 
Blair, Harvey Antonio 
Boyes, Morgan 
Bradley, Conor 
Cain, Jake Steven 
Clarkson, Leighton 
Clayton, Thomas Andrew 
Cordoba, Anderson Arroyo 
Corness, Dominic 
Davies, Benjamin Keith 
De Araujo Pitaluga, Marcelo 
Dixon-Bonner, Elijah Malik 
Elliott, Harvey Daniel James 
Gallacher, Tony 
Glatzel, Paul Milton 
Gomez, Joseph David 
Grabara, Kamil 
Grujic, Marko 
Henderson, Jordan Brian 
Henrique Taveres, Fabio 
Hill, Thomas Daniel 
Hughes, Liam John 
Jaros, Viteslav 
Jones, Curtis 
Karius, Loris Sven 
Keita, Naby 
Kelleher, Caoimhin 
Koumetio, Billy Dawson 
Larouci, Yasser 
Lewis, Adam 
Longstaff, Luis James 
Mane, Sadio 
Matip, Job Joel Andre 
Millar, Liam 
Milner, James Philip 
Minamino, Takumi 
Morton, Tyler Scott
Norris, James Barry
O'Rourke, Fidel 
Ojo, Oluwaseyi 
Ojrzynski, Jakub 
Origi, Divock Okoth 
Oxlade-Chamberlain, Alexander Mark David 
Phillips, Nathaniel Harry 
Quansah, Jarell Amorin 
Ritaccio, Matteo 
Robertson, Andrew 
Salah, Mohamed 
San Miguel Del Castillo, Adrian 
Savage, Remi Eugene 
Shaqiri, Xherdan 
Stephenson, Luca 
Stewart, Layton Rhys 
Teixeira Da Silva, Diogo Jose 
Tsimakis, Konstantinos 
Van Den Berg, Sepp 
Van Dijk, Virgil 
Wijnaldum, Georginio 
Williams, Neco Shay 
Williams, Rhys 
Wilson, Harry 
Wilson, Sean William 
Woltman, Max Reuben 
Woodburn, Benjamin Luke 
Cannonier, Oakley William 
Chambers, Luke 
Davies, Harvey 
Frauendorf, Melkamu Benjamin Daniel 
Jonas, Lee 
Kelly, Oscar George
Mrozek, Fabian 
Musialowski, Mateusz Konrad 
Ake, Nathan Benjamin 
Amankwah, Yeboah 
Aminu, Mohammed 
Arzani, Daniel 
Bazunu, Gavin Okeroghene 
Bobb, Oscar 
Bolton, Luke Philip 
Braaf, Jayden Jezairo 
Bueno Couto, Yan 
Burns, Finley Jack 
Cavaco Cancelo, Joao Pedro 
De Bruyne, Kevin 
Delap, Liam Rory 
Diounkou Tecagne, Alpha Richard 
Dos Santos Gato Alves Dias, Ruben 
Doyle, Thomas Glyn 
Edozie, Samuel Ikechukwu 
Egan-Riley, Conrad Jaden 
Esmoris Tasende, Jose Angel 
Fernando De Jesus, Gabriel 
Fiorini, Lewis Paul 
Foden, Philip Walter 
Gbadebo, Camron Israel 
Gomes, Claudio 
Gundogan, Ilkay 
Harrison, Jack 
Harwood-Bellis, Taylor Jay 
Hernandez Cascante, Rodrigo 
Herrera Ravelo, Yangel Clemente 
Hodge, Joseph Shaun 
Ilic, Ivan 
Ilic, Luka 
Itakura, Kou 
Kabore, Issa 
Knight, Benjamin Leo 
Laporte, Aymeric Jean Louis Gerard 
Mahrez, Riyad 
McAtee, James John 
McDonald, Rowan Alexander 
Mendy, Benjamin 
Meshino, Ryotaro 
Moreno Duran, Marlos 
Moreno Taboada, Pablo 
Mota Veiga De Carvalho E Silva, Bernardo 
Muric, Arijanet Anan 
Nmecha, Lukas 
Palaversa, Ante 
Palmer, Cole Jermaine 
Porro Sauceda, Pedro Antonio 
Pozo La Rosa, Iker 
Roberts, Patrick John Joseph 
Robertson, Alexander Sean Pablo 
Robinson, Samson Alfie Philip 
Rogers, Morgan Elliot 
Ross Palmer Brown, Erik 
Sandler, Philippe 
Santana de Moraes, Ederson 
Silva Rosa, Diego Gabriel 
Slicker, Cieran Peter 
Smith, Matthew Robert 
Steffen, Zackary Thomas 
Sterling, Raheem Shaquille 
Stevanovic, Filip 
Stones, John 
Tarensi, Cordon Oscar 
Tedic, Slobodan 
Torres Garcia, Ferran 
Trafford, James Harrington 
Walker, Kyle Andrew 
Wilson-Esbrand, Joshua Darius Kamani 
Zinchenko, Oleksandr 
Adam, Josh 
Awokoya-Mebude, Adedire Emmanuel 
Breckin, Kian 
Charles, Shea Emmanuel 
Doyle, Callum Craig 
Forbs Borges, Carlos Roberto 
Griffiths, Harvey Lawson 
Gyabi, Darko Boateng 
Hamilton, Micah Philippe Jude 
Larios Lopez, Juan 
Lavia, Romeo 
Mbete-Tabu, Luke 
McNamara, Joshua Anthony 
Nuamah Oduroh, Kwaku
Smith, Liam Kevin 
Sodje, Taione Richard Evumena 
Van Sas, Mikki Avelon Leander 
Bailly, Eric Bertrand
Bernard, Di'Shon Joel
Bishop, Nathan James
Borges Fernandes, Bruno Miguel 
Bughail-Mellor, D'Mani Lucell
Cavani, Edinson Roberto
Chong, Tahith
Dalot Teixeira, Jose Diogo
De Gea Quintana, David
Devine, Reece
Diallo, Amad
Elanga, Anthony David Junior
Emeran, Noam Fritz
Fernandez Carreras, Alvaro
Fish, William Thomas
Galbraith, Ethan Stuart William 
Garner, James David 
Grant, Lee Anderson 
Greenwood, Mason Will John
Guadagno, Johan Elia
Hardley, Bjorn Bryan
Henderson, Dean Bradley
Hoelgebaum Pereira, Andreas Hugo 
Hoogewerf, Dillon Ifunanya Chukwu 
Hugill, Joseph Brennen 
Iqbal, Zidane Aamar 
James, Daniel Owen 
Jones, Philip Anthony 
Jurado Gomez, Marc 
Kovar, Matej
Laird, Ethan Benjamin
Levitt, Dylan James Christopher
Lindelof, Victor Jorgen Nilsson
Lingard, Jesse Ellis
Maguire, Jacob Harry
Martial, Anthony Jordan
Mastny, Ondrej
Mata Garcia, Juan Manuel 
Matic, Nemanja
McCann, Charlie Liam 
McNeill, Charlie Martin 
McTominay, Scott
Mejbri, Hannibal
Mejia Piedrahita, Jose Mateo 
Mengi, Teden
Nicolao Telles, Alex
Pellistri Rebollo, Facundo
Pogba, Paul Labile
Pye, Logan
Rashford, Marcus
Santos, Frederico Rodrigues De 
Savage, Charlie William Henry
Shaw, Luke Paul Hoare
Shoretire, Shola Maxwell
Stanley, Connor Scott
Svidersky, Martin
Tuanzebe, Axel
Van De Beek, Donny
Vitek, Radek
Wan-Bissaka, Aaron
Wellens, Charlie Gerard Richard 
Williams, Brandon Paul Brian 
Woolston, Paul Hudson 
Bennett, Rhys Joseph Wright
Forson, Omari Nathan
Garnacho Ferreyra , Alejandro 
Hansen-Aaroen, Isak
Hughes, Iestyn Tomos
Kambwala Ndengushi, Willy 
Mee, Dermot William
Allan, Thomas David 
Almiron Rejala, Miguel Angel 
Anderson, Elliot Junior 
Apolinario De Lira, Joelinton Cassio 
Barrett, Ryan Thomas
Bondswell, Matthew Joshua 
Brookwell, Niall 
Brown, William George 
Cass, Lewis Graham 
Clark, Ciaran 
Cross, Bradley Paul 
Darlow, Karl 
Dubravka, Martin 
Dummett, Paul
Fernandez, Federico 
Flaherty, Stanley 
Fraser, Ryan 
Gayle, Dwight Devon Boyd 
Gillespie, Mark Joseph 
Hayden, Isaac Scot 
Hendrick, Jeffrey 
Kraft, Emil Henry Kristoffer 
Langley, Daniel David 
Lascelles, Jamaal 
Lejeune, Florian Gregoire Claude 
Lewis, Jamal 
Longelo-Mbule, Rosaire 
Longstaff, Matthew Ben 
Longstaff, Sean David 
Manquillo Gaitan, Javier 
McEntee, Oisin Michael
Murphy, Jacob Kai 
Muto, Yoshinori 
Ritchie, Matthew Thomas 
Saint-Maximin, Allan Irenee 
Sangare, Mohammed
Schar, Fabian Lukas
Shelvey, Jonjo 
Sorensen, Elias Fritjof Graenge 
Swailes, Jude Christopher 
Thomson, Regan Alexander 
Toure, Fode Yannick 
Turner, Jake Edward 
Turner-Cooke, Jay
Vilca Betetta, Rodrigo Gary
Watts, Kelland John William James 
White, Joe Peter 
Wilson, Adam Ayiro 
Wilson, Callum Eddie Graham 
Woodman, Frederick John 
Young, Jack 
Banda, Piotr 
Barclay, Harry 
Brannen, Lewis Paul
Carlyon, Nathan Matthew
Chrystal, Liam Jack 
Crossley, Kyle 
De Bolle, Lucas
Ebanks, Tai Graham
Gilchrist, Josh Gordon
Green, Joel John 
Harrison, Joshua
Huntley, James Alan 
Marshall, Oliver Joshua
Midgley, Thomas Jack
Miley, Jamie 
Ndiweni, Michael Nqobile 
Nicholson, Joshua Philip 
Oliver, Joe Alexander
Robertson, Nathan James 
Scott, Joshua
Stephenson, Dylan Jay
Stewart, Joshua Thomas 
Thompson, Max Anthony 
Amissah, Jordan 
Arblaster, Oliver Luke 
Baldock, George Henry Ivor 
Basham, Christopher Paul 
Belehouan, Seri Jean Leroy 
Berge, Sander Gard Bolin 
Bogle, Jayden Ian 
Boyes, Harry 
Brewster, Rhian Joel 
Broadbent, George 
Brooks, Andre Chance 
Brunt, Zak Rian 
Bryan, Kean Shay 
Burke, Oliver 
Cappello, Angelo Santo 
Coulibaly, Ismaila Cheick 
Dewhurst, Marcus Robert 
Eastwood, Jake 
Egan, John 
Fleck, John Alexander 
Foderingham, Wesley Andrew 
Freeman, Luke Anthony 
Gaxha, Leonardo 
Gomis, Nicksoen 
Gordon, Kyron Silveria 
Graham, Samuel 
Grant, Kamarl Antonio 
Jebbison, Daniel David 
Lopata, Kacper 
Lowe, Max Josef 
Maguire, Francis William 
McBurnie, Oliver 
McGoldrick, David James 
Mousset, Lys Emilien 
Ndiaye, Iliman Cheikh Baroy 
Neal, Harrison 
Norrington-Davies, Rhys Llewelyn 
Norwood, Oliver James 
O'Connell, Jack William 
Osborn, Benjamin Jarrod 
Ramsdale, Aaron 
Robinson, Jack 
Seriki, Oluwafemi Ibrahim 
Sharp, Billy Louis
Slater, Regan Newman
Smith, Tyler Gavin Junior 
Stevens, Enda 
Verrips, Michael Robin 
Anderson, Beau James 
Angell, Thomas Harry 
Ayari, Hassan Ben Kamel
Bailey-Green, Tyrese 
Chapman, Joshua Matthew
Cullinan, Harvey
Hackford, Antwoine 
Hampshaw Henry Kit 
Hiddleston, Callum 
Marsh, Louie 
Osula, William Idamudia Daugard
Potter, Finley John 
Skerritt, Tristan Devere
Slater, Ethan 
Smith, Joshua James 
Viggars, Ryan James
Williams, Luther Cornelius Mclachlan 
Williams, Theo 
Abdul Karim, Mohamed Salisu 
Adams, Che Sac Everton Fred 
Armstrong, Stuart 
Bednarek, Jan 
Bellis, Samuel Lawrence Alexander 
Bycroft, Jack Thomas 
Chauke, Kgaogelo 
Diallo, Ibrahima 
Djenepo, Moussa 
Edwards, Milan Diamond Lazane 
El Younossi, Mohamed 
Ferry, William 
Finnigan, Ryan James 
Forster, Fraser Gerard 
Gunn, Angus Fraser James 
Hoedt, Wesley 
Ings, Daniel William John 
Jankewitz, Alexandre Tounde Dimitri 
Lemina, Mario Rene Junior 
Lewis, Harry Charles John 
Long, Shane Patrick 
McCarthy, Alex Simon 
McQueen, Samuel James 
Mitchell, Ramello Dejorn 
Nlundulu, Dan 
Obafemi, Michael Oluwadurotimi 
Olaigbe, Kazeem Aderemi J. 
Olufunwa, Oludare Samuel Araba 
Pambou Makaya, Leon 
Ramsay, Kayne 
Redmond, Nathan Daniel Jerome 
Rodriguez Borja, Jeremi Alexander 
Ross-Lang, Fedel 
Slattery, Callum 
Smailes-Braithwaite, Benjamin 
Smallbone, William Anthony Patrick 
Stephens, Jack 
Tchaptchet, Wandja Allan 
Tella, Nathan 
Valery, Yan 
Vestergaard, Jannik 
Vidal, Oriol Romeu 
Vokins, Jake 
Walker-Peters, Kyle Leonardus 
Ward-Prowse, James Michael Edward 
Watts, Caleb Cassius 
Babic, Goran Gogo 
Bailey, Samuel James
Beach, Edward James 
Burnett, Ethan Darren
Carson, Matthew 
Davey, Teddy Jay
Hall, Matthew Gary
Lillienberg, Gustav Erik 
Otseh-Taiwo, Zuriel Jonathan
Payne, Lewis James 
Pearce, Luke Edward Andrew 
Smith, Jayden Pharell Llamar Mills
Tizzard, William James
Tshaka, Kaya Sean 
Turner, Jack Henry
Woods, Harvey James 
Wright, Oliver Lennon George
Alderweireld, Toby Albertine 
Alli, Bamidele Jermaine 
Aurier, Serge 
Austin, Brandon Anthony 
Bennett, J'Neil Lloyd 
Bergwijn, Steven Charles 
Bowden, Jamie Patrick 
Carter-Vickers, Cameron 
Cirkin, Dennis 
Clarke, Jack Raymond 
Craig, Matthew George 
Craig, Michael James 
Davies, Benjamin Thomas 
De Santiago Alonso, Yago 
Dier, Eric Jeremy Edgar 
Doherty, Matthew James 
Etete, Kion Reece 
Eyoma, Timothy Joel 
Fagan-Walcott, Malachi Michael 
Foyth, Juan Marcos 
Hart, Charles Joseph John 
Heung-Min, Son 
Hojbjerg, Pierre Emile Kordt 
John, Nile Omari Mckenzie 
Kane, Harry 
Lamela, Erik 
Lavinier, Marcel Edwin Rodrigues 
Lloris, Hugo 
Lo Celso, Giovani 
Lusala, Dermi 
Lyons-Foster, Brooklyn
Markanday, Dilan Kumar 
Muir, Marqes 
Mukendi, Jeremie 
Mundle, Romaine Lee 
Ndombele Alvaro, Tanguy 
Okedina, Jubril Adesope 
Oluwayemi, Oluwaferanmi Joshua 
Omole, Adeleke Oluwatobiloba 
Parrott, Troy Daniel 
Paskotsi, Maksim 
Reguilon Rodriguez, Sergio 
Robson, Max 
Rodon, Joseph Peter 
Rodrigues Moura Da Silva, Lucas
Sanchez Mina, Davinson 
Scarlett, Dane Pharrell 
Sessegnon, Kouassi Ryan 
Sissoko, Moussa 
Skipp, Oliver William 
Solberg, Isak Midttun 
Tanganga, Japhet Manzambi 
Thorpe, Elliot Morgan 
White, Harvey David 
Whiteman, Alfie Malik 
Winks, Harry 
Asante, Enock Amponsah
Carrington, Alberdi Eddie
Cassanova, Dante Jamel 
Cesay, Kallum
Cooper, Chay
Davies, Jezreel Titus Chinedu 
Devine, Alfie Sean 
Hackett-Valton, Jordan 
Haysman, Khalon Casey 
Hayton, Adam Paul 
Kurylowicz, Kacper
Kyezu, Jeremy
Lo-Tutala, Thimothee Jacques Orcel
Maguire, Aaron Joseph 
Mathurin, Roshaun Andre 
Pedder, Rafferty
Torraj, Renaldo 
Turner, Oliver 
Whittaker, Tarrelle Ricardo Kabirizi
Ahearne-Grant, Karlan Laughton 
Ajayi, Oluwasemilogo Adesewo 
Azaz, Finn 
Bartley, Kyle 
Button, David 
Cann, Ted
Delaney,  Zak 
Diangana, Grady George 
Edwards, Kyle Hakeem 
Elsayed Ali Elsayed Hegazy, Ahmed 
Furlong, Darnell Anthony 
Gardner-Hickman, Taylor 
Griffiths, Joshua James 
Harper, Rekeem 
Johnstone, Samuel Luke 
Joshua, Kevin 
King, Toby 
Kipre, Cedric 
Livermore, Jake Cyril 
Morton, Callum Damian Peter 
O'Shea, Dara 
Palmer, Alexander 
Pereira, Matheus Fellipe Costa 
Phillips, Matthew 
Richards, Rico Dean Scott
Robinson, Callum Jack 
Sawyers, Romaine 
Shotton, Saul
Snodgrass, Robert 
Soule, Jamie 
Townsend, Conor Stephen 
Tulloch, Rayhaan Rahim Amari 
Windsor, Owen James 
Zohore, Albin Kenneth Danrup 
Andrews, Jamie
Ashworth, Zachary
Boruc, Maksymilian Pawel
Chidi, Mark Onyemaechi
Cleary, Reyes Demar Uriah
Dwyer, Vinnie Conor
Emery, Jamie Lewis
Faal, Modou Lamin
Fellows, Tom Allen
Grant, Ryan Liam
Hall, Reece Daniel
Ingram, Ethan John
Iroegbunam, Timothy Emeka
Lamb, MacKenzie Craig
MacHisa, Leon Tafara
Malcolm, Jovan Anthony
Neto, Teixeira Aurio Clinton
Ngoma, Muanda Daniel
Okoka, Samuel
Shaw, Joshua Aaron
Shepherd, Jacob Lewis
Taylor, Caleb Joaquin
Alese, Ajibola Joshua Odunayo
Anang, Joseph Tetteh
Antonio, Michail Gregory
Appiah-Forson, Keenan
Ashby, Harrison
Ashley, Ossama Wassim
Baptiste, Jamal
Benrahma, Mohamed Said
Bowen, Jarrod
Chesters, Daniel Peter James
Costa da Rosa, Bernardo
Coufal, Vladimir
Coventry, Conor James
Cresswell, Aaron William
Diallo, Amadou
Diop, Issa Laye Lucas Jean
Dju, Mesaque Geremias
Fabianski, Lukasz
Fornals Malla, Pablo
Fredericks, Ryan
Greenidge, William Winston
Hegyi, Krisztian
Holland, Nathan Elliott
Ibsen, Frederik Alves
Johnson, Benjamin Anthony
Lanzini, Manuel
Longelo Mbule, Emmanuel
Martin, David Edward
Masuaku Kawela, Fuka-Arthur
Nascimento Da Costa E Silva, Alexandre
Noble, Mark James
Odubeko, Ademipo Ibrahim
Ogbonna, Obinze Angelo
Pereira, Gomes Felipe Anderson
Randolph, Darren
Reid, Winston Wiremu
Rice, Declan
Soares Cardoso, Goncalo Bento
Soucek, Tomas
Swyer, Kamarai Joshua
Trott, Nathan Wallace Newman
Yarmolenko, Andrii
Adebayo, Iyiola El-Ameen
Adu, Michael Asare
Coddington, Remy Taye Stephon
Corbett, Kai Michael James
Evans, Isaac Paul Ernest
Fevrier, Jayden Raymond
Forbes, Michael
Heal, Benjamin Atticus William
Kileba, Gael Mulamba
Knightbridge, Jacob Christopher
Laing, Levi Alexander
Peake, Lennon
Perkins, Sonny Tufail
Potts, Freddie
Roach, Joshua Michael Phillip
Robinson, Carl Junior
Sanneh, Serine
Thomas, Brandon Val
Woods, Archie James
Agboola, Michael
Arinbjornsson, Palmi Rafn
Boly, Willy-Arnaud Zobo
Bonatini Lohner Maia, Leonardo
Bueno Lopez, Hugo
Bugarin Londono, Erik
Cabral Semedo, Nelson
Campana Romero, Leonardo
Campbell, Chem
Carty, Conor Thomas
Castelo Podence, Daniel
Castro Otto, Jonatan
Cavaco Jordao, Bruno Andre
Coady, Conor David
Corbeanu, Theodor Alexander
Cundle, Luke James
Cutrone, Patrick
Da Silva Nascimento Vinagre, Ruben Goncalo
Da Silva Neves, Ruben Diogo
Dadashov, Renat
Dendoncker, Leander
Dos Santos Patricio, Rui Pedro
Estrada, Pascal Juan
Gibbs-White, Morgan Anthony
Giles, Ryan John
Gomes, Tote Antonio
He, Zhenyu
Herc, Christian
Hesketh, Owen James
Hodnett, Jack Mikey James
Hoever, Ki-Jana Delano
Hubner, Justin Quincy
Iria Santos Moutinho, Joao Filipe
Jimenez Rodriguez, Raul Alonso
Kilman, Maximilian
Lomba Neto, Pedro
Lonwijk, Nigel Cello
Marcal De Oliveira, Fernando
Marques, Christian Fernandes
Matheson, Luke Alexander
McLaughlin, Lee James
Mir Vincente, Rafael
Nya, Raphael
O'Shaughnessy, Joseph Peter David
Otasowie, Ebeguowen
Pardington, James
Perry, Taylor 
Rasmussen, Oskar Buur
Richards, Lewis Paul Jimmy
Ronan, Connor Patrick
Saiss, Romain Ghanem Paul
Samuels, Austin
Sanderson, Dion Dannie Leonard
Sarkic, Matija
Scott, Jack David
Shabani, Meritan
Smith, Jackson
Soares Silva, Fabio Daniel
Sondergaard, Andreas
Tipton, Oliver
Traore Diarra, Adama
Young, Joe Michael
Birtwistle, Ryan James Harry
Diyawa, Aaron Keto
Forrester, Jaden Joshua
Kandola, Kamran
Lembikisa, Dexter Joeng Woo
Pinnington, Dean Stanley
Roberts, Tyler
Sangare, Faisu